Local,Nivel,Regiao,Total_Total,Total_Homens,Total_Mulheres,CTEM_Total,CTEM_Homens,CTEM_Mulheres,ESP_Total,ESP_Homens,ESP_Mulheres
Brasil,Brasil,-,25854291,10478534,15375757,4149041,2750422,1398619,8079707,1677985,6401723
Norte,Regiao,-,1525166,590558,934609,209657,133055,76601,599785,141169,458616
Nordeste,Regiao,-,4748933,1744994,3003939,621388,389993,231395,1822087,363905,1458181
Sudeste,Regiao,-,12828829,5391638,7437191,2328122,1588874,739247,3652397,768288,2884108
Sul,Regiao,-,4338861,1768855,2570005,662916,427372,235543,1256291,248574,1007718
Centro-Oeste,Regiao,-,2412502,982489,1430013,326959,211124,115834,749148,156048,593101
Rondonia,UF,Norte,164632,62766,101866,20538,11863,8675,63584,13963,49622
Acre,UF,Norte,84300,33291,51009,10364,6237,4128,33379,9121,24258
Amazonas,UF,Norte,342566,141059,201507,52669,34749,17919,121988,30738,91249
Roraima,UF,Norte,67045,25585,41460,8016,4958,3057,23977,5880,18098
Para,UF,Norte,601096,229235,371811,86691,55481,31211,248397,58128,190270
Amapa,UF,Norte,89191,35085,54106,11349,7464,3885,36754,9794,26960
Tocantins,UF,Norte,176336,63485,112851,20028,12304,7724,71705,13548,58158
Maranhao,UF,Nordeste,468681,161352,307329,55068,33820,21248,206222,40667,165555
Piaui,UF,Nordeste,304955,108371,196584,37135,21668,15467,128416,25959,102457
Ceara,UF,Nordeste,759303,285013,474290,99062,63935,35126,294578,64582,229996
Rio Grande do Norte,UF,Nordeste,339913,131178,208735,46857,30398,16459,135434,28273,107161
Paraiba,UF,Nordeste,390742,147221,243521,52223,33369,18855,150862,30025,120837
Pernambuco,UF,Nordeste,852481,321587,530893,120260,73253,47007,281695,57333,224362
Alagoas,UF,Nordeste,267996,98462,169534,33596,21398,12198,106971,20060,86911
Sergipe,UF,Nordeste,218255,80608,137646,29020,17596,11422,83176,16801,66376
Bahia,UF,Nordeste,1146608,411202,735406,148167,94556,53612,434735,80208,354528
Minas Gerais,UF,Sudeste,2615434,1031532,1583902,452258,291778,160479,832482,157960,674521
Espirito Santo,UF,Sudeste,491101,193756,297344,75667,49648,26018,161332,29788,131544
Rio de Janeiro,UF,Sudeste,2243707,942645,1301062,406529,265723,140805,612263,145864,466399
Sao Paulo,UF,Sudeste,7478587,3223705,4254883,1393668,981724,411944,2046321,434677,1611645
Parana,UF,Sul,1687930,695425,992505,255635,166579,89056,501471,98191,403280
Santa Catarina,UF,Sul,1162515,489557,672958,185742,126554,59188,333537,67571,265964
Rio Grande do Sul,UF,Sul,1488416,583873,904542,221541,134240,87300,421284,82812,338472
Mato Grosso do Sul,UF,Centro-Oeste,366249,145341,220908,46340,28241,18100,128352,26911,101443
Mato Grosso,UF,Centro-Oeste,450264,173267,276997,56776,33307,23468,141121,27052,114069
Goias,UF,Centro-Oeste,879270,350828,528443,116867,74711,42156,288616,56564,232052
Distrito Federal,UF,Centro-Oeste,716719,313054,403665,106976,74866,32109,191061,45521,145538
